{
    "version": "2",
    "name": "smw.zip",
    "items": [
        "smw.sh",
        "smw"
    ],
    "items_opt": null,
    "attr": {
        "title": "Super Mario World (and All Stars)",
        "porter": [
            "Tekkenfede"
        ],
        "desc": "Super Mario World is a 2D side-scrolling platform game in which the player controls Mario or Luigi, the protagonists of the game. The game has similar gameplay to earlier games in the Super Mario series – Super Mario Bros., Super Mario Bros. 2, and Super Mario Bros. 3 – but introduces new elements. As well as dashing and jumping, the player can also fly or float with the aid of the Cape Feather and P-Balloon and can execute the new Spin Jump move.[",
        "inst": "See Wiki",
        "genres": [
            "platformer"
        ],
        "image": null,
        "rtr": false,
        "runtime": null,
        "reqs": []
    }
}